keyword,language,topic,topicColor,keywordColor,limitPages,ratioNew
'Petro Poroshenko',de,unknown,#111111,#111111,2,0.5014169089255183
'Jacques Doriot',de,unknown,#111111,#111111,2,0.5006756769763434
'Boris Rhein',de,unknown,#111111,#111111,3,0.4869570673181817
'Königin Camilla',de,UK,#e838e8,#e838e8,3,0.4755683666890834
'Alberto Núñez Feijóo',de,unknown,#111111,#111111,2,0.4748143563636363
'Leonard Bernstein',de,unknown,#111111,#111111,3,0.4696390677571966
'Jack Smith',de,USA,#18e8e8,#18e8e8,3,0.4683280861852271
'Sarah Ferguson',de,unknown,#111111,#111111,2,0.4682959398928571
'Matt Gaetz',de,unknown,#111111,#111111,3,0.4665173082150337
'Wagner-Chef Prigoschin',de,unknown,#111111,#111111,3,0.4654749394908652
'Meryl Streep',de,unknown,#111111,#111111,2,0.4652217435714285
'Lauren Boebert',de,USA,#18e8e8,#18e8e8,2,0.4626004155
'Novak Djokovic',de,unknown,#111111,#111111,3,0.4622871460784091
'Oliver Anthony',de,unknown,#111111,#111111,2,0.46173798
'Caroline Ellison',de,unknown,#111111,#111111,2,0.4600765872341377
'Mark Meadows',de,unknown,#111111,#111111,2,0.4585343999351218
'Wolfgang Grupp',de,unknown,#111111,#111111,1,0.4581718523999999
'Gisele Bündchen',de,unknown,#111111,#111111,1,0.4574244731181414
'Pedro Sánchez',de,Spanien,#111111,#111111,2,0.4563220179090909
'Nancy Mace',de,unknown,#111111,#111111,2,0.4558493846579039
'Marlène Schiappa',de,unknown,#111111,#111111,2,0.4544642780232826
'Fani Willis',de,unknown,#111111,#111111,3,0.4538667490794216
'Roberto Saviano',de,unknown,#111111,#111111,1,0.4536973138235294
'nan nan',de,unknown,#111111,#111111,1,0.4526354265249211
'Irina Shayk',de,unknown,#111111,#111111,2,0.4518876857029919
'Gavin Newsom',de,unknown,#111111,#111111,3,0.44890211038725
'Stanislaw Petrow',de,unknown,#111111,#111111,1,0.4478247190874999
'Kate Capshaw',de,unknown,#111111,#111111,1,0.44780018
'Jennifer Garner',de,unknown,#111111,#111111,2,0.4471181242945257
'Heidi Klum',de,unknown,#111111,#111111,3,0.4469985742193181
'Jens Spahn',de,Deutschland,#1818e8,#1818e8,3,0.4464126246242214
'David Weiss',de,unknown,#111111,#111111,3,0.4463027992482028
'Bettina Stark-Watzinger',de,Deutschland,#1818e8,#1818e8,3,0.4454098084999999
'Franca Lehfeldt',de,Deutschland,#1818e8,#1818e8,1,0.4444773889541666
'Ben Affleck',de,unknown,#111111,#111111,3,0.4442433485799047
'Jennifer Lopez',de,unknown,#111111,#111111,2,0.4425898076210624
'Kim Reynolds',de,unknown,#111111,#111111,1,0.4401249829414
'Hubert Aiwanger',de,unknown,#111111,#111111,3,0.4396049721582601
'Prinz Archie',de,UK,#e838e8,#e838e8,3,0.439391842746098
'Tom Brady',de,unknown,#111111,#111111,2,0.4387827556986781
'Tiffany Chen',de,USA,#18e8e8,#18e8e8,2,0.4374473751393938
'Hunter Biden',de,USA,#18e8e8,#18e8e8,3,0.4367554704085474
'Recep Tayyip Erdogan',de,Türkei,#111111,#111111,3,0.436557779703431
'Taylor Swift',de,unknown,#111111,#111111,3,0.4352060398316404
'Margaret Qualley',de,unknown,#111111,#111111,1,0.4350615487312324
'Peter Breuer',de,unknown,#111111,#111111,1,0.433650015
'Irina Scherbakowa',de,unknown,#111111,#111111,2,0.433335111
'Rand Paul',de,unknown,#111111,#111111,1,0.4333319901758871
'Olivia Rodrigo',de,unknown,#111111,#111111,1,0.4333278576450699
'Carey Mulligan',de,unknown,#111111,#111111,1,0.4331271930667
'Edouard Philippe',de,unknown,#111111,#111111,1,0.4330033123150013
'Jonathan Turley',de,unknown,#111111,#111111,1,0.4329801768448086
'Barbara Schöneberger',de,Deutschland,#1818e8,#1818e8,2,0.4329086527499999
'Bret Baier',de,unknown,#111111,#111111,1,0.4329030281259857
'Bill Barr',de,unknown,#111111,#111111,1,0.4328457203805682
'Merrick Garland',de,unknown,#111111,#111111,1,0.4327874151571644
'Billionaire Bunker',de,unknown,#111111,#111111,1,0.4322691346363634
'Sara Haines',de,unknown,#111111,#111111,1,0.4322149480760399
'Jared Kushner',de,unknown,#111111,#111111,1,0.4321308784323984
'James Comer',de,unknown,#111111,#111111,1,0.4321175266131972
'Ainsley Earhardt',de,unknown,#111111,#111111,1,0.4320806845698441
'Prinz George',de,UK,#e838e8,#e838e8,3,0.4319945912056377
'John Fetterman',de,unknown,#111111,#111111,1,0.4317446893029131
'Matteo Salvini',de,Italien,#111111,#111111,3,0.4316739092045453
'Brian Kilmeade',de,unknown,#111111,#111111,1,0.4314236436353281
'Lawrence Jones',de,unknown,#111111,#111111,1,0.4312418068043781
'Wolodimir Selenski',de,Ukraine,#e818e8,#e818e8,3,0.4312027118505794
'Martha MacCallum',de,unknown,#111111,#111111,1,0.4311874857529989
'Marguerite Cazeneuve',de,unknown,#111111,#111111,1,0.4311398411778153
'Steve Doocy',de,unknown,#111111,#111111,1,0.4306059692127117
'Leandro De Niro-Rodriguez',de,unknown,#111111,#111111,1,0.4303114797610817
'Jeffrey Epstein',de,USA,#18e8e8,#18e8e8,2,0.4300132577436195
'Sergej Surowikin',de,Russland,#e81818,#e81818,3,0.429951455
'Tom Kaulitz',de,unknown,#111111,#111111,2,0.4296645261301324
'Maria Bartiromo',de,unknown,#111111,#111111,1,0.4294199029695053
'Gabriel Attal',de,unknown,#111111,#111111,1,0.4292165649637992
'Devon Archer',de,unknown,#111111,#111111,1,0.4291238093417915
'Luc Terlinden',de,unknown,#111111,#111111,1,0.4289003420689901
'Vivek Ramaswamy',de,unknown,#111111,#111111,1,0.4286975241527148
'Eric Trump',de,unknown,#111111,#111111,2,0.4285646822233871
'Sam H',de,unknown,#111111,#111111,1,0.4283150131383482
'président de la République',de,unknown,#111111,#111111,1,0.4282845981001025
'Laura Ingraham',de,USA,#18e8e8,#18e8e8,2,0.4281178253169687
'Alyssa Farah Griffin',de,unknown,#111111,#111111,1,0.428042915005024
'Jean-Luc Mélenchon',de,unknown,#111111,#111111,1,0.4279683543291825
'Jake Tapper',de,unknown,#111111,#111111,1,0.4277593401505726
'Lana Del Rey',de,unknown,#111111,#111111,1,0.4274986661544628
'François Braun',de,unknown,#111111,#111111,1,0.4272290440029895
'Geert Wilders',de,Niederlande,#111111,#111111,2,0.42710021
'Alexander De Croo',de,Belgien,#111111,#111111,2,0.42710021
'Gayle King',de,unknown,#111111,#111111,1,0.426868614580788
'Dieter Salomon',de,Deutschland,#1818e8,#1818e8,2,0.4267471913374999
'Premier ministre',de,unknown,#111111,#111111,1,0.4267007122787636
'Roman Pacino',de,unknown,#111111,#111111,2,0.4266594074586563
'Roger Federer',de,unknown,#111111,#111111,3,0.4266487786625173
'Viktor Shokin',de,unknown,#111111,#111111,1,0.4266379276481487
'David Koch',de,unknown,#111111,#111111,1,0.4261559274428269
'Gisele Bundchen',de,unknown,#111111,#111111,1,0.4261069528028331
'Robert Sesselmann',de,Deutschland,#1818e8,#1818e8,3,0.4259418752863635
'Sean Hannity',de,unknown,#111111,#111111,2,0.4258061894305817
'Cassidy Hutchinson',de,unknown,#111111,#111111,1,0.4257356199289986
'Pap Ndiaye',de,unknown,#111111,#111111,1,0.4255903903230304
'Ivanka Trump',de,unknown,#111111,#111111,1,0.4255832569123063
'Markus Söder',de,Deutschland,#1818e8,#1818e8,3,0.4253235873749115
'Reinhard Marx',de,Deutschland,#1818e8,#1818e8,1,0.425000375
'Evgueni Prigojine',de,Russland,#e81818,#e81818,1,0.425
'Chelsea Handler',de,USA,#18e8e8,#18e8e8,1,0.425
'Moon Hyung-jin',de,USA,#18e8e8,#18e8e8,1,0.425
'Patti LaBelle',de,USA,#18e8e8,#18e8e8,1,0.425
'Gilbert Plass',de,Kanada,#111111,#111111,1,0.425
'Queen Elizabeth II',de,UK,#e838e8,#e838e8,3,0.4247986346727272
'Stormy Daniels',de,USA,#18e8e8,#18e8e8,3,0.4247779199124999
'Prinzessin Kate',de,UK,#e838e8,#e838e8,3,0.4235836575190908
'Karim Benzema',de,Frankreich,#e8e808,#e8e808,3,0.4230988450829544
'Chris Christie',de,USA,#18e8e8,#18e8e8,3,0.4227763102647726
'Drena De Niro',de,USA,#18e8e8,#18e8e8,2,0.4217123087
'Prinz William',de,UK,#e838e8,#e838e8,3,0.4193982488060664
'Fabien Roussel',de,unknown,#111111,#111111,1,0.4179791453271089
'Lara Trump',de,unknown,#111111,#111111,1,0.4177557153763113
'Lionel Richie',de,USA,#18e8e8,#18e8e8,3,0.4172060794669574
'Sergio Mattarella',de,Italien,#111111,#111111,2,0.417158034314935
'Marine Le Pen',de,Frankreich,#e8e808,#e8e808,2,0.417100555
'Jane Fonda',de,unknown,#111111,#111111,1,0.4162207869005138
'Jesse Watters',de,USA,#18e8e8,#18e8e8,1,0.4161452557625
'Robert De Niro',de,USA,#18e8e8,#18e8e8,3,0.4156376032272727
'Sam Bankman-Fried',de,unknown,#111111,#111111,2,0.4148107795994646
'Selenskyj',de,Ukraine,#e818e8,#e818e8,3,0.4145214148631513
'Markus Lanz',de,Deutschland,#1818e8,#1818e8,3,0.4142202877335726
'Kevin McCarthy',de,USA,#18e8e8,#18e8e8,3,0.4142117804488636
'Ronna McDaniel',de,unknown,#111111,#111111,2,0.4129695678024622
'Andreas Ellermann',de,Deutschland,#1818e8,#1818e8,2,0.4121759675835141
'Jack Antonoff',de,unknown,#111111,#111111,1,0.4121393362823664
'Nicolas Sarkozy',de,unknown,#111111,#111111,2,0.4116978728806927
'Jimmy Carter',de,USA,#18e8e8,#18e8e8,2,0.4104830862761364
'Bill Clinton',de,USA,#18e8e8,#18e8e8,2,0.4099996259738636
'George Clooney',de,USA,#18e8e8,#18e8e8,3,0.4095069081581249
'Bettina Jarasch',de,Deutschland,#1818e8,#1818e8,2,0.4074597665909091
'König Felipe VI',de,Spanien,#111111,#111111,2,0.4071102901590908
'Pippa Middleton',de,UK,#e838e8,#e838e8,2,0.4070626869514203
'Robert de Niro',de,USA,#18e8e8,#18e8e8,3,0.4069093609719207
'Kai Wegner',de,Deutschland,#1818e8,#1818e8,3,0.4059121881904741
'George Bush',de,USA,#18e8e8,#18e8e8,3,0.405319014562784
'Ulrich Reitz',de,Deutschland,#1818e8,#1818e8,1,0.4045000747721427
'Vo Van Thuong',de,unknown,#111111,#111111,1,0.4042350775854827
'Lionel Messi',de,Argentinien,#111111,#111111,3,0.4007070484828035
'Gerald Darmanin',de,unknown,#111111,#111111,1,0.3991866109821727
'Kim Kardashian',de,USA,#18e8e8,#18e8e8,3,0.3984880265127932
'Lars Klingbeil',de,Deutschland,#1818e8,#1818e8,2,0.398015011619318
'Haitham A-Ghais',de,unknown,#111111,#111111,1,0.397375
'Rudolf Steiner',de,Oesterreich,#111111,#111111,1,0.395632577175
'James Cameron',de,USA,#18e8e8,#18e8e8,3,0.3935927591818181
'Pete Davidson',de,USA,#18e8e8,#18e8e8,1,0.39350041625
'Lady Gaga',de,USA,#18e8e8,#18e8e8,2,0.3930541669285714
'Ron Johnson',de,unknown,#111111,#111111,1,0.3927123842869298
'Steven Spielberg',de,USA,#18e8e8,#18e8e8,3,0.3922240923023551
'Joseph Ratzinger',de,Vatikan,#58b8e8,#58b8e8,1,0.3909379885768749
'Bradley Cooper',de,unknown,#111111,#111111,3,0.390784703052462
'Malu Dreyer',de,Deutschland,#1818e8,#1818e8,2,0.3902178932278409
'Steve Wozniak',de,USA,#18e8e8,#18e8e8,2,0.3897341085924999
'Rupert Murdoch',de,USA,#18e8e8,#18e8e8,2,0.3883735170432178
'Lauren Sánchez',de,USA,#18e8e8,#18e8e8,1,0.3877847377763157
'George Santos',de,USA,#18e8e8,#18e8e8,1,0.38738760875
'Leandro De Niro Rodriguez',de,USA,#18e8e8,#18e8e8,1,0.38738756375
'Olli Schulz',de,Deutschland,#1818e8,#1818e8,2,0.3873256647357143
'Tony Bennett',de,USA,#18e8e8,#18e8e8,2,0.3869656389868438
'Buzz Aldrin',de,USA,#18e8e8,#18e8e8,2,0.3863378750375
'Jim Jordan',de,unknown,#111111,#111111,1,0.3858529187220433
'Wolfgang Kubicki',de,Deutschland,#1818e8,#1818e8,3,0.3858334997092045
'Melania Trump',de,unknown,#111111,#111111,1,0.3850519088052437
'Tina Turner',de,USA,#18e8e8,#18e8e8,3,0.3847887619965908
'Helmut Kohl',de,Deutschland,#1818e8,#1818e8,3,0.3846428949749572
'Alexander von Humboldt',de,Deutschland,#1818e8,#1818e8,2,0.3832183972556817
'Lewis Kaplan',de,unknown,#111111,#111111,2,0.3809449728508849
'Amber Heard',de,USA,#18e8e8,#18e8e8,2,0.3796965983690789
'Shahzada Dawood',de,Pakistan,#111111,#111111,3,0.379504055090909
'Mario Czaja',de,Deutschland,#1818e8,#1818e8,3,0.3791773309430396
'Gérald Darmanin',de,Frankreich,#e8e808,#e8e808,2,0.37902619325
'Hendrik Wüst',de,Deutschland,#1818e8,#1818e8,3,0.3785743692100332
'Erich Honecker',de,Deutschland,#1818e8,#1818e8,1,0.3785252529153846
'Helge Schneider',de,Deutschland,#1818e8,#1818e8,1,0.3784420289541665
'Kim Yo Jong',de,NordKorea,#111111,#111111,1,0.378207617
'Elisabeth Borne',de,Frankreich,#e8e808,#e8e808,2,0.3779853970874999
'Le Pen',de,Frankreich,#e8e808,#e8e808,2,0.3769496855909089
'Kemal Kilicdaroglu',de,Türkei,#111111,#111111,3,0.3763903269579544
'Holger Friedrich',de,Deutschland,#1818e8,#1818e8,3,0.3753448815888888
'Michelle O\'Neill',de,Irland,#111111,#111111,1,0.3740646742142857
'Laurent Berger',de,Frankreich,#e8e808,#e8e808,2,0.37391291625
'Christine Lambrecht',de,Deutschland,#1818e8,#1818e8,2,0.3736931517795454
'Prinzessin Diana',de,UK,#e838e8,#e838e8,3,0.373610413807693
'Jessy Wellmer',de,unknown,#111111,#111111,1,0.3735660314359089
'Greg Abbott',de,USA,#18e8e8,#18e8e8,1,0.3731856314772727
'Élisabeth Borne',de,Frankreich,#e8e808,#e8e808,3,0.3731406734909089
'Jeanne du Barry',de,Frankreich,#e8e808,#e8e808,1,0.3727093245995967
'Chuck Todd',de,USA,#18e8e8,#18e8e8,1,0.3710675471749999
'Pablo Picasso',de,Spanien,#111111,#111111,3,0.3707287646829544
'Prinz Harry',de,UK,#e838e8,#e838e8,3,0.3704943332341863
'Katja Krasavice',de,Deutschland,#1818e8,#1818e8,2,0.3704495247269317
'Kanye West',de,USA,#18e8e8,#18e8e8,2,0.3699310048162996
'Al Pacino',de,USA,#18e8e8,#18e8e8,2,0.3697049956874431
'Hillary Clinton',de,USA,#18e8e8,#18e8e8,2,0.3686952654090908
'Maria Kolesnikowa',de,Belarus,#e81858,#e81858,2,0.3681741335481486
'Axel Springer',de,Deutschland,#1818e8,#1818e8,3,0.3679856352017328
'Johnny Depp',de,USA,#18e8e8,#18e8e8,2,0.3677629740442045
'Dmitri Medwedew',de,Russland,#e81818,#e81818,3,0.3676935926749999
'Aurélien Rousseau',de,unknown,#111111,#111111,1,0.3676136013493809
'Andy Cohen',de,unknown,#111111,#111111,1,0.3670596075557663
'Jean Jouzel',de,unknown,#111111,#111111,1,0.366993325444111
'Pietro Lombardi',de,Deutschland,#1818e8,#1818e8,1,0.3664882730729323
'Rudy Giuliani',de,USA,#18e8e8,#18e8e8,1,0.3663509646874999
'Ana Navarro',de,unknown,#111111,#111111,1,0.3660759741241072
'Elizabeth Warren',de,unknown,#111111,#111111,1,0.3659796191504791
'Lula da Silva',de,Brasilien,#58e838,#58e848,3,0.365701607512585
'Rosa Parks',de,unknown,#111111,#111111,1,0.3656714259144223
'Bill Geddie',de,unknown,#111111,#111111,1,0.3650830786195045
'Willy Brandt',de,Deutschland,#1818e8,#1818e8,3,0.3649387227155795
'Linda Yaccarino',de,USA,#18e8e8,#18e8e8,3,0.3648547760833654
'Tim Müller',de,Deutschland,#1818e8,#1818e8,2,0.36482122775
'Sherri Shepherd',de,unknown,#111111,#111111,1,0.3645449771088023
'Sergei Shoigu',de,unknown,#111111,#111111,1,0.3645343520929449
'Robert Oppenheimer',de,USA,#18e8e8,#18e8e8,1,0.3642085335605768
'Kim Jong Un',de,NordKorea,#e85858,#e85858,3,0.3639364704561567
'Sunny Hostin',de,unknown,#111111,#111111,1,0.3637647921023665
'Marie Trintignant',de,unknown,#111111,#111111,1,0.3632050942391267
'Anne Will',de,Deutschland,#1818e8,#1818e8,3,0.3631121886321952
'Sultan al-Jaber',de,VAE,#111111,#111111,2,0.36304267925
'Eric Adams',de,USA,#18e8e8,#18e8e8,1,0.3629003434999999
'Jean-Denis Combrexelle',de,unknown,#111111,#111111,1,0.3627478189008838
'Joy Behar',de,unknown,#111111,#111111,1,0.3617764997224912
'Jamie Dimon',de,USA,#18e8e8,#18e8e8,1,0.3615589175613636
'Katy Perry',de,USA,#18e8e8,#18e8e8,3,0.3614742758982953
'Salvador Dali',de,Spanien,#111111,#111111,1,0.3612499999999999
'Sergei Surovikin',de,Russland,#e81818,#e81818,1,0.3612499999999999
'Leon Botstein',de,USA,#18e8e8,#18e8e8,1,0.3612499999999999
'Yevgeny Prigozhin',de,Russland,#e81818,#e81818,1,0.3612499999999999
'Kemal Kiliçdaroglu',de,Türkei,#111111,#111111,1,0.3612499999999999
'Pedro Sánchez Pérez-Castejón',de,Spanien,#111111,#111111,1,0.3612499999999999
'Dorothée Pacaud',de,Frankreich,#e8e808,#e8e808,1,0.3612499999999999
'Uwe Neumärker',de,Deutschland,#1818e8,#1818e8,1,0.3612499999999999
'Lauren Sanchez',de,USA,#18e8e8,#18e8e8,1,0.3610489715457701
'Henry Ford',de,USA,#18e8e8,#18e8e8,2,0.3606879322925437
'Mathias Döpfner',de,Deutschland,#1818e8,#1818e8,2,0.3602330955687252
'Martin Luther King',de,USA,#18e8e8,#18e8e8,1,0.3587306697431818
'Leonardo DiCaprio',de,USA,#18e8e8,#18e8e8,3,0.3582551360048295
'Caren Miosga',de,Deutschland,#1818e8,#1818e8,2,0.3572001711435281
'Le Pen',de,Frankreich,#e8e808,#e8e808,2,0.3570562187499999
'Sam Altman',de,USA,#18e8e8,#18e8e8,3,0.3570022517083436
'Penny Mordaunt',de,UK,#e838e8,#e838e8,2,0.3563338585206249
'Berkshire Hathaway',de,USA,#18e8e8,#18e8e8,1,0.3562318502886363
'Wladimir Putin',de,Russland,#e81818,#e81818,3,0.3561939043074576
'Albert Einstein',de,Deutschland,#1818e8,#1818e8,3,0.3561333688079544
'Henry Kissinger',de,USA,#18e8e8,#18e8e8,2,0.3559933651285714
'Prince Charles',de,UK,#e838e8,#e838e8,2,0.3552575164609657
'Stefan Aust',de,Deutschland,#1818e8,#1818e8,1,0.3550497430499999
'Jordan Neely',de,USA,#18e8e8,#18e8e8,1,0.3550265087964284
'Barbara Sturm',de,Deutschland,#1818e8,#1818e8,1,0.3549022579696428
'Joaquim Valente',de,unknown,#111111,#111111,1,0.3546730676476187
'Michael Kahle',de,Deutschland,#1818e8,#1818e8,1,0.3544300405
'Norbert Röttgen',de,Deutschland,#1818e8,#1818e8,3,0.3543823621564355
'Christopher Nolan',de,USA,#18e8e8,#18e8e8,2,0.354371501166877
'Boris Johnson',de,UK,#e838e8,#e838e8,3,0.3539527090907328
'Nikki Haley',de,USA,#18e8e8,#18e8e8,3,0.3539064459281895
'Tim Scott',de,USA,#18e8e8,#18e8e8,2,0.3534629724115908
'James Cleverly',de,UK,#e838e8,#e838e8,3,0.3533365200448863
'Königsgemahlin Camilla',de,UK,#e838e8,#e838e8,2,0.3528014665965341
'Marine Le Pen',de,Frankreich,#e8e808,#e8e808,3,0.3527062217586931
'Prinz Andrew',de,UK,#e838e8,#e838e8,3,0.3514093522420453
'George Floyd',de,USA,#18e8e8,#18e8e8,2,0.3512483837249999
'Papst Franziskus',de,Vatikan,#58b8e8,#58b8e8,3,0.3510299150028324
'Cem Özdemir',de,Deutschland,#1818e8,#1818e8,3,0.3509877427356347
'Patrick Graichen',de,Deutschland,#1818e8,#1818e8,3,0.3508844424319276
'Steve Jobs',de,USA,#18e8e8,#18e8e8,2,0.3503111850965851
'Isaac Newton',de,UK,#e838e8,#e838e8,1,0.3496628526339375
'Paul-Henry Nargeolet',de,Frankreich,#e8e808,#e8e808,3,0.349631293271232
'Marjorie Taylor Greene',de,USA,#18e8e8,#18e8e8,1,0.348554935895
'Nina Gummich',de,Deutschland,#1818e8,#1818e8,1,0.3477403265410714
'Recep Tayyip Erdoan',de,Türkei,#111111,#111111,3,0.3477333996183238
'Finnegan Biden',de,USA,#18e8e8,#18e8e8,1,0.3473841006568181
'Billy Graham',de,USA,#18e8e8,#18e8e8,1,0.3470652495464375
'Mohammed Bin Salman',de,SaudiArabien,#111111,#111111,2,0.3464241127509568
'Kemal Kılıçdaroğlu',de,Türkei,#111111,#111111,2,0.3464008525504922
'Harry Belafonte',de,USA,#18e8e8,#18e8e8,1,0.3459045576725844
'Lindsey Graham',de,USA,#18e8e8,#18e8e8,3,0.3449798668938635
'Eric Ciotti',de,Frankreich,#e8e808,#e8e808,1,0.3449047745982499
'Noam Chomsky',de,USA,#18e8e8,#18e8e8,1,0.3447128157625
'Prinz Heinrich XIII',de,Deutschland,#1818e8,#1818e8,1,0.3443977314539285
'Jill Biden',de,USA,#18e8e8,#18e8e8,2,0.3416673472193181
'Joachim Gauck',de,Deutschland,#1818e8,#1818e8,1,0.341559116540784
'Konrad Adenauer',de,Deutschland,#1818e8,#1818e8,3,0.3413742646164234
'Tim Cook',de,USA,#18e8e8,#18e8e8,3,0.3413569805292045
'Hamish Harding',de,UK,#e838e8,#e838e8,2,0.3407387234863634
'Rosalynn Carter',de,USA,#18e8e8,#18e8e8,2,0.3399437987301451
'König Charles III',de,UK,#e838e8,#e838e8,3,0.339814490452464
'Alvin Bragg',de,USA,#18e8e8,#18e8e8,1,0.3398128841043014
'Peter Tschentscher',de,Deutschland,#1818e8,#1818e8,2,0.3398059016536931
'Patricia Blanco',de,Deutschland,#1818e8,#1818e8,2,0.338900915525
'Wolfgang Benz',de,Deutschland,#1818e8,#1818e8,2,0.338761251872794
'Jean Carroll',de,USA,#18e8e8,#18e8e8,2,0.33829535119902
'Prinz Louis',de,UK,#e838e8,#e838e8,2,0.3381728839790176
'Tucker Carlson',de,USA,#18e8e8,#18e8e8,1,0.338091972310273
'Lady Di',de,UK,#e838e8,#e838e8,1,0.3379822978964582
'Ron DeSantis',de,USA,#18e8e8,#18e8e8,3,0.335952659677906
'Stockton Rush',de,USA,#18e8e8,#18e8e8,3,0.3356858441934091
'Richard David Precht',de,Deutschland,#1818e8,#1818e8,1,0.3354765860040567
'Andrew Tate',de,USA,#18e8e8,#18e8e8,1,0.33547502917925
'William Shakespeare',de,UK,#e838e8,#e838e8,2,0.3340761636685795
'Donald Trump',de,USA,#18e8e8,#18e8e8,3,0.3331925996719329
'Chris Hipkins',de,Neuseeland,#1818e8,#1818e8,1,0.3321833010277083
'Kamala Harris',de,USA,#18e8e8,#18e8e8,1,0.3315439338875
'Joe Biden',de,USA,#18e8e8,#18e8e8,3,0.3313125839343794
'Leonardo da Vinci',de,Italien,#111111,#111111,2,0.3308202578992857
'Selenski',de,Ukraine,#e818e8,#e818e8,3,0.3287688968417335
'Cristiano Ronaldo',de,Portugal,#111111,#111111,3,0.3274578979182896
'Peter Thiel',de,USA,#18e8e8,#18e8e8,2,0.3271606226149868
'Margaret Thatcher',de,UK,#e838e8,#e838e8,1,0.3266127390744375
'Nadja Abd el Farrag',de,Deutschland,#1818e8,#1818e8,2,0.3251345518212706
'Queen Camilla',de,UK,#e838e8,#e838e8,2,0.325100639320713
'Bruno Le Maire',de,Frankreich,#e8e808,#e8e808,2,0.3249361748749999
'George Washington',de,USA,#18e8e8,#18e8e8,2,0.3247402200607953
'Emmanuel Macron',de,Frankreich,#e8e808,#e8e808,3,0.3234161993634266
'Georg Bätzing',de,Deutschland,#1818e8,#1818e8,1,0.3225577703304196
'Chez Krömer',de,Deutschland,#1818e8,#1818e8,1,0.3198003061974999
'Silvio Berlusconi',de,Italien,#111111,#111111,3,0.3184097321982022
'King Charles',de,UK,#e838e8,#e838e8,2,0.3181688960747654
'Peter Urban',de,Deutschland,#1818e8,#1818e8,1,0.3155355532106818
'Adolf Hitler',de,Deutschland,#1818e8,#1818e8,3,0.3143594538471903
'Lachlan Murdoch',de,UK,#e838e8,#e838e8,1,0.3142994406294687
'Ramsan Kadyrow',de,Russland,#e81818,#e81818,2,0.3142913242298293
'John Rawls',de,USA,#18e8e8,#18e8e8,1,0.3141910656294687
'Markus Wipperfürth',de,Deutschland,#1818e8,#1818e8,1,0.313704319299375
'Missy Motown',de,Deutschland,#1818e8,#1818e8,1,0.313554291549375
'Yoon Suk Yeol',de,SüdKorea,#111111,#111111,3,0.3132295237705156
'Georg Gänswein',de,Deutschland,#1818e8,#1818e8,1,0.311276120084578
'Noor Alfallah',de,USA,#18e8e8,#18e8e8,2,0.310536995675
'Daniel Penny',de,USA,#18e8e8,#18e8e8,1,0.3094417481110416
'Matt Damon',de,USA,#18e8e8,#18e8e8,1,0.308394569700974
'Ayatollah Chamenei',de,Iran,#111111,#111111,1,0.3077702407625
'Andreas Jung',de,Deutschland,#1818e8,#1818e8,3,0.3074824027518248
'Aurélien Pradié',de,Frankreich,#e8e808,#e8e808,1,0.3070624999999999
'Pierre-Yves Dermagne',de,Belgien,#111111,#111111,1,0.3070624999999999
'Camille Etienne',de,Frankreich,#e8e808,#e8e808,1,0.3070624999999999
'Detlef Garbe',de,Deutschland,#1818e8,#1818e8,1,0.3070624999999999
'Andrei Nikolajewitsch Kolmogorow',de,Russland,#e81818,#e81818,1,0.3070624999999999
'Olaf Scholz',de,Deutschland,#1818e8,#1818e8,3,0.3060209566291014
'Kevin Kühnert',de,Deutschland,#1818e8,#1818e8,3,0.3052661568897969
'Charles III',de,UK,#e838e8,#e838e8,3,0.3046119308651951
'Bruce Springsteen',de,USA,#18e8e8,#18e8e8,1,0.3042234815268893
'Afida Turner',de,Frankreich,#e8e808,#e8e808,1,0.3007820268839374
'Barack Obama',de,USA,#18e8e8,#18e8e8,3,0.2996641882250379
'Herbert Diess',de,Deutschland,#1818e8,#1818e8,1,0.2974403375852296
'Jack Teixeira',de,USA,#18e8e8,#18e8e8,2,0.2967327402129548
'Winston Churchill',de,UK,#e838e8,#e838e8,2,0.2942145588395231
'Jan Böhmermann',de,Deutschland,#1818e8,#1818e8,3,0.2935213033802291
'Dieter Bohlen',de,Deutschland,#1818e8,#1818e8,3,0.2895958084030875
'Geoffrey Hinton',de,UK,#e838e8,#e838e8,1,0.2868623693023778
'King Charles III',de,UK,#e838e8,#e838e8,2,0.2866234463454403
'Kemal Klçdarolu',de,Türkei,#111111,#111111,3,0.2862786906655112
'Christian Lindner',de,Deutschland,#1818e8,#1818e8,3,0.2846494974145291
'Maybrit Illner',de,Deutschland,#1818e8,#1818e8,2,0.2822091025186961
'Papst Benedikt XVI',de,Vatikan,#58b8e8,#58b8e8,3,0.2803198878619299
'Faisal Kawusi',de,Deutschland,#1818e8,#1818e8,1,0.2767460940624999
'Martin Scorsese',de,USA,#18e8e8,#18e8e8,2,0.2765116034836655
'Stephen Hawking',de,UK,#e838e8,#e838e8,1,0.275303918138122
'Frank Plasberg',de,Deutschland,#1818e8,#1818e8,2,0.271311355898125
'Jens Stoltenberg',de,Norwegen,#e818e8,#e818e8,3,0.2673455039168968
'Angela Merkel',de,Deutschland,#1818e8,#1818e8,3,0.2656487112148761
'Elon Musk',de,USA,#18e8e8,#18e8e8,3,0.2649691531606777
'Putin',de,Russland,#e81818,#e81818,3,0.26463311976709
'Oisin Fanning',de,Irland,#111111,#111111,1,0.2635907908456249
'Aleksandar Vučić',de,Serbien,#111111,#111111,2,0.2631335223312125
'Péter Szijjártó',de,Ungarn,#111111,#111111,1,0.2619467561974999
'Éric Ciotti',de,Frankreich,#e8e808,#e8e808,1,0.2617749705987499
'Michael Sandel',de,USA,#18e8e8,#18e8e8,1,0.2613727915493749
'Yannick Morez',de,Frankreich,#e8e808,#e8e808,1,0.2613727915493749
'Richard Ferrand',de,Frankreich,#e8e808,#e8e808,1,0.2611531399999999
'Thomas Bayes',de,UK,#e838e8,#e838e8,1,0.2610031249999999
'Michelle Obama',de,USA,#18e8e8,#18e8e8,3,0.2587062187967412
'Ted Cruz',de,USA,#18e8e8,#18e8e8,1,0.2570009851967187
'Narendra Modi',de,Indien,#111111,#111111,3,0.2565789179436131
'Rainer Maria Woelki',de,Deutschland,#1818e8,#1818e8,2,0.2548845560110069
'Friedrich Merz',de,Deutschland,#1818e8,#1818e8,3,0.2537258767065089
'Paul Ronzheimer',de,Deutschland,#1818e8,#1818e8,2,0.2536225570339593
'Warren Buffett',de,USA,#18e8e8,#18e8e8,3,0.2506326729956694
'Tamim bin Hamad Al Thani',de,Katar,#111111,#111111,3,0.2505397764334006
'Jewgeni Prigoschin',de,Russland,#e81818,#e81818,3,0.2490947719169399
'Wolodymyr Selenski',de,Ukraine,#e818e8,#e818e8,3,0.2439872043011605
'Antony Blinken',de,USA,#18e8e8,#18e8e8,3,0.2429984226351256
'Marco Buschmann',de,Deutschland,#1818e8,#1818e8,3,0.2418343107552411
'Stefan Rahmstorf',de,Deutschland,#1818e8,#1818e8,2,0.2415889983436237
'Ursula von der Leyen',de,EU,#111111,#111111,3,0.2412793076076889
'Jan Lipavský',de,Tschechien,#111111,#111111,1,0.2410488092301451
'Jair Bolsonaro',de,Brasilien,#58e838,#58e848,3,0.2398158443528236
'Nancy Faeser',de,Deutschland,#1818e8,#1818e8,3,0.2383423883632433
'Ulf Poschardt',de,Deutschland,#1818e8,#1818e8,2,0.2379571559813511
'Robert Habeck',de,Deutschland,#1818e8,#1818e8,3,0.236752309865691
'Ricarda Lang',de,Deutschland,#1818e8,#1818e8,3,0.2363265143606869
'Gabor Steingart',de,Deutschland,#1818e8,#1818e8,2,0.2354302087174241
'Wolodymyr Selenskyj',de,Ukraine,#e818e8,#e818e8,3,0.2349578429252335
'Katalin Novák',de,Ungarn,#111111,#111111,1,0.2346708739552598
'Boris Palmer',de,Deutschland,#1818e8,#1818e8,3,0.233266270381874
'Markus Krebber',de,Deutschland,#1818e8,#1818e8,2,0.2326638778794572
'Joschka Fischer',de,Deutschland,#1818e8,#1818e8,1,0.2324487513776068
'Saskia Esken',de,Deutschland,#1818e8,#1818e8,3,0.2319883355024189
'Chelsea Manning',de,USA,#18e8e8,#18e8e8,2,0.2313309310944197
'Charles Michel',de,EU,#111111,#111111,2,0.230994820218517
'Don Lemon',de,USA,#18e8e8,#18e8e8,1,0.2304463129687499
'Katarina Barley',de,EU,#111111,#111111,1,0.2254297697990309
'John Paul II',de,Vatikan,#58b8e8,#58b8e8,1,0.2234445607214374
'Jean-Jacques Rousseau',de,Schweiz,#111111,#111111,1,0.2223234995640312
'Megyn Kell',de,USA,#18e8e8,#18e8e8,1,0.2218526562499999
'Robert Nozick',de,USA,#18e8e8,#18e8e8,1,0.2218526562499999
'Gerhard Schröder',de,Deutschland,#1818e8,#1818e8,3,0.2218338037744111
'Sergej Schoigu',de,Russland,#e81818,#e81818,3,0.2218285882839788
'Meg Bellamy',de,UK,#e838e8,#e838e8,1,0.2202469131727905
'Eva Kaili',de,EU,#111111,#111111,3,0.2197861341940745
'Boris Pistorius',de,Deutschland,#1818e8,#1818e8,3,0.2189350114484989
'Mike Pence',de,USA,#18e8e8,#18e8e8,3,0.2184257181908278
'Michael Mann',de,USA,#18e8e8,#18e8e8,3,0.2175966228437927
'Bodo Ramelow',de,Deutschland,#1818e8,#1818e8,2,0.2164638405657893
'Recep Tayyip Erdoğan',de,Türkei,#111111,#111111,2,0.216266069377041
'Martin Schirdewan',de,Deutschland,#1818e8,#1818e8,3,0.2145580507416068
'Lothar Wieler',de,Deutschland,#1818e8,#1818e8,1,0.2144756430385868
'Mojib Latif',de,Deutschland,#1818e8,#1818e8,2,0.2138006766059943
'Thomas Haldenwang',de,Deutschland,#1818e8,#1818e8,2,0.2122102233303716
'Sandra Maischberger',de,Deutschland,#1818e8,#1818e8,2,0.2116071361922318
'Xi Jinping',de,China,#e88818,#e88818,3,0.2109909185156437
'Karl Lauterbach',de,Deutschland,#1818e8,#1818e8,3,0.2091565664992531
'Julian Reichelt',de,Deutschland,#1818e8,#1818e8,2,0.2089303045040666
'Ola Källenius',de,Deutschland,#1818e8,#1818e8,2,0.2079684294467748
'Napoleon Bonaparte',de,Frankreich,#e8e808,#e8e808,1,0.2063982911926452
'Melinda Gates',de,USA,#18e8e8,#18e8e8,2,0.2060529421107772
'Mohammed bin Salman',de,SaudiArabien,#111111,#111111,2,0.2049758380114865
'Mark Zuckerberg',de,USA,#18e8e8,#18e8e8,3,0.2029919317936823
'Annalena Baerbock',de,Deutschland,#1818e8,#1818e8,3,0.2025103015309864
'Mark Rutte',de,Niederlande,#111111,#111111,3,0.2019286506652954
'Mateusz Morawiecki',de,Polen,#111111,#111111,3,0.201620092872218
'Tino Chrupalla',de,Deutschland,#1818e8,#1818e8,3,0.2014909887098353
'Warren Buffet',de,USA,#18e8e8,#18e8e8,2,0.1988121366111569
'Martin Sonneborn',de,Deutschland,#1818e8,#1818e8,1,0.1984952017774636
'Giorgia Meloni',de,Italien,#111111,#111111,3,0.1977848506583311
'Edward Snowden',de,USA,#18e8e8,#18e8e8,2,0.1976739453875079
'Klaus-Michael Kühne',de,Deutschland,#1818e8,#1818e8,2,0.1960691710544177
'Katharina König-Press',de,Deutschland,#1818e8,#1818e8,2,0.1957494633347225
'Tamim Hamad Thani',de,Katar,#111111,#111111,2,0.1953225600778274
'Luisa Neubauer',de,Deutschland,#1818e8,#1818e8,2,0.1952052945494208
'Christian Drosten',de,Deutschland,#1818e8,#1818e8,2,0.1947864542230563
'Cillian Murphy',de,Irland,#111111,#111111,1,0.1946509814830811
'Aleksandar Vucic',de,Serbien,#111111,#111111,3,0.1942641462119367
'Winfried Kretschmann',de,Deutschland,#1818e8,#1818e8,3,0.1942511417792025
'Liz Truss',de,UK,#e838e8,#e838e8,2,0.1940257940768495
'Frank-Walter Steinmeier',de,Deutschland,#1818e8,#1818e8,3,0.1937903750239842
'Jacinda Ardern',de,Neuseeland,#1818e8,#1818e8,1,0.1936528852271206
'Steffi Lemke',de,Deutschland,#1818e8,#1818e8,3,0.1934213726042515
'Björn Höcke',de,Deutschland,#1818e8,#1818e8,1,0.1932045648245208
'Vitali Klitschko',de,Ukraine,#e818e8,#e818e8,3,0.1927947062880127
'Rafael Grossi',de,UN,#e888e8,#e888e8,3,0.1926627400628053
'Stephan Harbarth',de,Deutschland,#1818e8,#1818e8,1,0.1922716510130988
'Alexander Lukaschenko',de,Belarus,#e81858,#e81858,3,0.1921509192253621
'Nicola Sturgeon',de,UK,#e838e8,#e838e8,3,0.1920824104011334
'Michael Kretschmer',de,Deutschland,#1818e8,#1818e8,3,0.1920399908863049
'Greta Thunberg',de,Schweden,#111111,#111111,3,0.192022202079363
'Viktor Orbán',de,Ungarn,#111111,#111111,3,0.1917488659698207
'Franziska Giffey',de,Deutschland,#1818e8,#1818e8,3,0.1916232707710685
'Louis Klamroth',de,Deutschland,#1818e8,#1818e8,2,0.1911774805741061
'Jeff Bezos',de,USA,#18e8e8,#18e8e8,2,0.1909945829327183
'Antonio Guterres',de,UN,#e888e8,#e888e8,3,0.1906260347477037
'Karine Jean-Pierre',de,USA,#18e8e8,#18e8e8,3,0.1904188018847302
'MacKenzie Scott',de,USA,#18e8e8,#18e8e8,1,0.1898435528700683
'Anthony Albanese',de,Australien,#111111,#111111,2,0.1897115300642134
'Olivier Marleix',de,Frankreich,#e8e808,#e8e808,1,0.1896874717575968
'Bruno Retailleau',de,Frankreich,#e8e808,#e8e808,1,0.1896639814763468
'Rishi Sunak',de,UK,#e838e8,#e838e8,3,0.1890834447602599
'Oliver Blume',de,Deutschland,#1818e8,#1818e8,3,0.189021618034757
'Roland Busch',de,Deutschland,#1818e8,#1818e8,1,0.1874277478256465
'Fumio Kishida',de,Japan,#111111,#111111,3,0.1870351350228879
'Cyril Ramaphosa',de,Südafrika,#111111,#111111,2,0.1859521437475834
'Sergej Lawrow',de,Russland,#e81818,#e81818,3,0.1847334755483793
'Charles Koch',de,USA,#18e8e8,#18e8e8,2,0.1846945225355487
'Lukaschenko',de,Belarus,#e81858,#e81858,3,0.1837074882022694
'Horst Seehofer',de,Deutschland,#1818e8,#1818e8,2,0.1813574230185991
'Andrzej Duda',de,Polen,#111111,#111111,3,0.1813252556211041
'Paul Kagame',de,Ruanda,#111111,#111111,1,0.1802521726350991
'Gregor Gysi',de,Deutschland,#1818e8,#1818e8,2,0.1793542177960141
'Veronika Grimm',de,Deutschland,#1818e8,#1818e8,2,0.1789600792369795
'Erik Marquardt',de,EU,#111111,#111111,1,0.1788169927736339
'Daniel Freund',de,EU,#111111,#111111,3,0.1787236738769255
'Macky Sall',de,Senegal,#111111,#111111,2,0.1785743603676145
'Hun Sen',de,Kambodscha,#111111,#111111,1,0.1785678593735536
'Anthony Fauci',de,USA,#18e8e8,#18e8e8,1,0.1784259382242243
'Ed McVey',de,UK,#e838e8,#e838e8,1,0.1777394275896845
'Alice Schwarzer',de,Deutschland,#1818e8,#1818e8,2,0.1772754202377815
'Mukesh Ambani',de,Indien,#111111,#111111,1,0.1764031858114948
'Herschel Walker',de,USA,#18e8e8,#18e8e8,1,0.1763173985546874
'David Malpass',de,USA,#18e8e8,#18e8e8,2,0.1760537972183535
'Roberta Metsola',de,EU,#111111,#111111,2,0.1749304753397745
'Wolfgang Schäuble',de,Deutschland,#1818e8,#1818e8,2,0.1734990298952255
'Sahra Wagenknecht',de,Deutschland,#1818e8,#1818e8,3,0.173142414839009
'Alfred Bernhard Nobel',de,Schweden,#111111,#111111,1,0.1731116276718749
'Alice Weidel',de,Deutschland,#1818e8,#1818e8,1,0.1730025649328061
'Andrea Lindholz',de,Deutschland,#1818e8,#1818e8,2,0.1715984894181786
'Justin Trudeau',de,Kanada,#111111,#111111,3,0.1715884061962994
'Thierry Breton',de,EU,#111111,#111111,2,0.1707289014687776
'Jack Ma',de,China,#e88818,#e88818,1,0.1704717007485522
'Karl Nehammer',de,Oesterreich,#111111,#111111,3,0.1704244234258934
'Bruno Kahl',de,Deutschland,#1818e8,#1818e8,2,0.1691046062404597
'Bill Gates',de,USA,#18e8e8,#18e8e8,3,0.1690003963534724
'Kim Jong-un',de,NordKorea,#e85858,#e85858,3,0.1669946821293978
'Michael Cohen',de,USA,#18e8e8,#18e8e8,1,0.1660156884448421
'Benjamin Netanjahu',de,Israel,#111111,#111111,3,0.1641255470614374
'Patriarch Kyrill',de,Ukraine,#e818e8,#e818e8,3,0.164120511242103
'Alexei Nawalny',de,Russland,#e81818,#e81818,2,0.161669051539228
'Michael Walzer',de,USA,#18e8e8,#18e8e8,1,0.1614325286066645
'Christoph Heusgen',de,Deutschland,#1818e8,#1818e8,2,0.1612007755474939
'Steve Milloy',de,USA,#18e8e8,#18e8e8,1,0.1602885441406249
'Edir Macedo',de,Brasilien,#58e838,#58e848,1,0.1602885441406249
'Andreas Baum',de,Deutschland,#1818e8,#1818e8,1,0.1584502875557973
'Larry Ellison',de,USA,#18e8e8,#18e8e8,1,0.1550774796114642
'Andrés Manuel López Obrador',de,Mexiko,#111111,#111111,2,0.1545336894397846
'Jordan Bardella',de,Frankreich,#e8e808,#e8e808,1,0.1536735500303254
'Christine Lagarde',de,EU,#111111,#111111,3,0.1517491587387547
'Volker Wissing',de,Deutschland,#1818e8,#1818e8,3,0.1509181475313735
'Werner von Braun',de,Deutschland,#1818e8,#1818e8,1,0.1497712749471553
'Fidel Castro',de,Kuba,#111111,#111111,1,0.149536285247132
'Hans Joachim Schellnhuber',de,Deutschland,#1818e8,#1818e8,2,0.1495056237685449
'Richard Feynman',de,USA,#18e8e8,#18e8e8,1,0.1487753185025584
'Katalin Novak',de,Ungarn,#111111,#111111,2,0.1472705757764849
'Subrahmanyam Jaishankar',de,Indien,#111111,#111111,1,0.1462145622836839
'Bernard Arnault',de,Frankreich,#e8e808,#e8e808,1,0.1461224757106753
'Benjamin Netanyahu',de,Israel,#111111,#111111,1,0.1457052959292272
'Yoon Suk-yeol',de,SüdKorea,#111111,#111111,3,0.1454810189442506
'Kardinal Woelki',de,Deutschland,#1818e8,#1818e8,2,0.1452748996092805
'Immanuel Kant',de,Deutschland,#1818e8,#1818e8,1,0.1412107189942859
'Karl Jenkins',de,UK,#e838e8,#e838e8,1,0.1407311270079205
'Edmund Stoiber',de,Deutschland,#1818e8,#1818e8,1,0.1402849213689529
'Dalai Lama',de,Tibet,#111111,#111111,1,0.1389121509332418
'Chip Somodevilla',de,USA,#18e8e8,#18e8e8,1,0.1366311761070311
'Benjamin Nethanaju',de,Israel,#111111,#111111,1,0.1362452625195311
'Sundar Pichai',de,USA,#18e8e8,#18e8e8,2,0.1317890543879531
'Jair Lapid',de,Israel,#111111,#111111,2,0.1314845540906851
'Julian Assange',de,Australien,#111111,#111111,1,0.1304932469453604
'Sucharit Bhakdi',de,Deutschland,#1818e8,#1818e8,3,0.1301048636771233
'Gérard Biard',de,Frankreich,#e8e808,#e8e808,1,0.1273893204557615
'Carl Friedrich Gauß',de,Deutschland,#1818e8,#1818e8,1,0.1257580949781198
'Nicola Beer',de,EU,#111111,#111111,1,0.1256142806663225
'Heinrich XIII. Prinz Reuß',de,Deutschland,#1818e8,#1818e8,2,0.1240213686521207
'John Kerry',de,USA,#18e8e8,#18e8e8,1,0.1236069912483804
'Jerome Powell',de,USA,#18e8e8,#18e8e8,3,0.1231918053841207
'Sergey Brin',de,USA,#18e8e8,#18e8e8,1,0.1204010720496926
'Paul Gosar',de,USA,#18e8e8,#18e8e8,1,0.1181246426044334
'Steffen Große',de,Deutschland,#1818e8,#1818e8,3,0.1177249681573005
'Robin Li',de,China,#e88818,#e88818,2,0.1177192106047639
'Holger Münch',de,Deutschland,#1818e8,#1818e8,2,0.116486442922703
'Barbara Walters',de,USA,#18e8e8,#18e8e8,1,0.1163703456062798
'Nick Fuentes',de,USA,#18e8e8,#18e8e8,1,0.1162717070341678
'Michelle Neill',de,Irland,#111111,#111111,1,0.1158084731416014
'Raphael Warnock',de,USA,#18e8e8,#18e8e8,1,0.1158084731416014
'Mary Lou McDonald',de,Irland,#111111,#111111,1,0.1158084731416014
'Ebrahim Raisi',de,Iran,#111111,#111111,2,0.1149306590610861
'Kurt Krömer',de,Deutschland,#1818e8,#1818e8,1,0.1147813464736931
'Alexej Kudrin',de,Russland,#e81818,#e81818,1,0.1118888387080861
'Michael Ballweg',de,Deutschland,#1818e8,#1818e8,1,0.1102184005569354
'Volodymyr Zelenskiy',de,Ukraine,#e818e8,#e818e8,1,0.1082809223873972
'Mahmud Abbas',de,Palistina,#111111,#111111,1,0.10759377325492
'Miguel Díaz-Canel',de,Kuba,#111111,#111111,1,0.1071361477764129
'Larry Page',de,USA,#18e8e8,#18e8e8,1,0.1052865311893016
'John Roberts',de,USA,#18e8e8,#18e8e8,1,0.1021015110570718
'Andrew Forrest',de,Australien,#111111,#111111,1,0.1020853997308311
'Ali Chamenei',de,Iran,#111111,#111111,1,0.1012264774779932
'Joana Cotar',de,Deutschland,#1818e8,#1818e8,1,0.0999830104547978
'Jewgenij Roisman',de,Russland,#e81818,#e81818,1,0.0996049671635481
'Steven Milloy',de,USA,#18e8e8,#18e8e8,1,0.0984372021703612
'Gautam Adani',de,Indien,#111111,#111111,1,0.0980152362022505
'Nikos Androulakis',de,Griechenland,#1858e8,#1858e8,1,0.0965205489102859
'Alfred Nobel',de,Schweden,#111111,#111111,1,0.0925864194644085
'Sergej Lavrov',de,Russland,#e81818,#e81818,1,0.0922427569981809
'Milo Yiannopoulos',de,UK,#e838e8,#e838e8,1,0.0920387840292876
'Daniel Dillmann',de,Deutschland,#1818e8,#1818e8,1,0.0920387840292876
'Schellnhuber',de,Deutschland,#1818e8,#1818e8,2,0.0888831888990715
'Maybritt Illner',de,Deutschland,#1818e8,#1818e8,1,0.0886036856338809
'Jeffrey Donaldson',de,Irland,#111111,#111111,1,0.0882439788741511
'Millie Mackintosh',de,UK,#e838e8,#e838e8,1,0.085870735393038
'Patrick Pouyanné',de,Frankreich,#e8e808,#e8e808,1,0.0853757212615144
'Alberto Ángel Fernández',de,Argentinien,#111111,#111111,1,0.0834899180866222
'Daniel Zhang',de,China,#e88818,#e88818,1,0.083152075283367
'Julia Koch',de,USA,#18e8e8,#18e8e8,1,0.0809323051175894
'Otmar Issing',de,EU,#111111,#111111,1,0.0794324186999218
'Scott Morrison',de,Australien,#111111,#111111,1,0.0774562832971674
'Muhammad bin Zayid Al Nahyan',de,VAE,#111111,#111111,1,0.0770078797197197
'Lael Brainard',de,USA,#18e8e8,#18e8e8,1,0.0766618611072041
'Badri Hosseini Chamenei',de,Iran,#111111,#111111,1,0.0764442041235956
'Jochen Thewes',de,Deutschland,#1818e8,#1818e8,1,0.0747268732488106
'Klaus Hasselmann',de,Deutschland,#1818e8,#1818e8,1,0.0744417192864673
'Bartholomäus',de,Türkei,#111111,#111111,1,0.0742829173557677
'Ayatollah Ali Chamenei',de,Iran,#111111,#111111,1,0.073370517173064
'Lula sa Silva',de,Brasilien,#58e838,#58e838,1,0.0712697017424347
'Lee Hsien Loong',de,Singapur,#111111,#111111,1,0.0709408151548235
'Joko Widodo',de,Indonesien,#111111,#111111,1,0.0703633293526296
'Igor Setschin',de,Russland,#e81818,#e81818,1,0.0695302646284741
'Susanne Klatten',de,Deutschland,#1818e8,#1818e8,1,0.0693839367389936
'Generalbundesanwalt Peter Frank',de,Deutschland,#1818e8,#1818e8,1,0.0692972604849674
'Andreas Jödecke',de,Deutschland,#1818e8,#1818e8,1,0.0687883579636407
'Yanis Varoufakis',de,Griechenland,#1858e8,#1858e8,1,0.0682165568688824
'Jürgen Grässlin',de,Deutschland,#1818e8,#1818e8,1,0.0667271696671177
'Tamim bin Hamad Al-Thani',de,Katar,#111111,#111111,1,0.065709176791444
'Philipp Wolff',de,Deutschland,#1818e8,#1818e8,1,0.0654199081845615
'Jitzchak Herzog',de,Israel,#111111,#111111,1,0.064671432448694
'Carola Rackete',de,Deutschland,#1818e8,#1818e8,1,0.063660438501002
'Amin Nasser',de,SaudiArabien,#111111,#111111,1,0.0599741714510161
'Frank Bainimarama',de,Fidschi,#111111,#111111,1,0.0526971504473425
'Barbara Frenkel',de,Deutschland,#1818e8,#1818e8,1,0.050900893255
'Erica Chenoweth',de,USA,#18e8e8,#18e8e8,1,0.0504065604288481
